model, type
'4906-9227', addressable
'4906-9229', addressable
'4906-9228', addressable
'4906-9230', addressable
'4906-9251', addressable
'4906-9253', addressable
'4906-9254', addressable
'4901-9850', addressable
'4901-9853', addressable
'4906-9201', addressable
'4906-9203', addressable
'4906-9202', addressable
'4906-9204', addressable
'4906-9205', addressable
'4906-9206', addressable
'4906-9207', addressable
'4906-9208', addressable
'4904-9350', addressable
'4904-9351', addressable
'4904-9352', addressable
'4904-9353', addressable
'4904-9354', addressable
'4904-9355', addressable
'4904-9356', addressable
'4904-9357', addressable
'4904-9358', addressable
'4904-9359', addressable
'4904-9360', addressable
'4904-9361', addressable
'4903-9450', addressable
'4903-9451', addressable
'4903-9452', addressable
'4903-9453', addressable
'4903-9454', addressable
'4903-9455', addressable
'4903-9459', addressable
'4903-9460', addressable
'4903-9461', addressable
'4903-9350', addressable
'4903-9351', addressable
'4903-9352', addressable
'4903-9353', addressable
'4903-9354', addressable
'4903-9355', addressable
'4903-9362', addressable
'4903-9363', addressable
'4903-9364', addressable
'49AO-WRF', es
'49AO-WRS-B esA', es
'49AO-WRQ', es
'49AO-WWF', es
'49AO-WWS-B esA', es
'49MT-WRF', es
'49MT-WRS-B esA', es
'49MT-WWF-B esA', es
'49MT-WWS-B esA', es
'49SV-APPLW es', es
'49SV-APPLW es-BA', es
'49HFV-APPL esW', es
'49HFV-APPL esW-BA', es
'49SV-APPLC es', es
'49SV-APPLC es-BA', es
'49HFV-APPL esC', es
'49HFV-APPL esC-BA', es
'49SVH-APPL esC', es
'49SVH-APPL esC-BA', es
'49HFVH-APP esLC', es
'49HFVH-APP esLC-BA', es
'49HFVH-APL esCA-BA', es
'49HFVH-APL esCB-BA', es
'59AO-APPLW esR', es
'59AO-APPLW esW', es
'59AO-WRS-B esA', es
'59AO-WWS', es
'59AO-WWS-B esA', es
'59VO-APPLW esR', es
'59VO-APPLW esW', es
'59VO-APPLW esRH', es
'59VO-APPLW esWH', es
'59VO-WRF', es
'59VO-WRF-B esA', es
'9VO-WWF', es
'9VO-WWF-BA es', es
'59VO-WWF', es
'59VO-WWF-B esA', es
'59VO-WRFH- esBA', es
'59VO-WWFH- esBA', es
'59AV-WRF', es
'59AV-WRF-B esA', es
'59AV-WWF', es
'59AV-WWF-B esA', es
'59AV-WRFH' es, es
'59AV-WRFH- esBA', es
'59AV-WWFH- esBA', es
'49VO-WRF', es
'49VO-WRF-B esA', es
'49VO-WRA', es
'49VO-WRA-B esA', es
'49VO-WRQ', es
'49VO-WRS', es
'49VO-WRS-B esA', es
'49VO-WWF', es
'49VO-WWF-B esA', es
'49VO-WWA', es
'49VO-WWA-B esA', es
'49VO-WWQ', es
'49VO-WWS', es
'49VO-WWS-B esA', es
'49VO-APPLW es', es
'49AV-WRF', es
'49AV-WRF-B esA', es
'49AV-WRS', es
'49AV-WWF', es
'49AV-WWF-B esA', es
'49AV-WWS-B esA', es
'49AV-APPLW es', es
'49MTV-WRF' es, es
'49MTV-WRF- esBA', es
'49MTV-WRS- esBA', es
'49MTV-WWF' es, es
'49MTV-WWF- esBA', es
'49MTV-WWS- esBA', es
'49MTV-APPL esW', es
'49VO-WRA-A es', es
'49VO-WRA-A es-BA', es
'49VO-WWA-A es', es
'49VO-WWA-A es-BA', es
'49VO-WWS-A es-BA', es
'49VO-APPLW esE', es
'49AV-APPLW esE', es
'49VO-WRFO' es, es
'49VO-WRFO- esBA', es
'49VO-WRSO' es, es
'49VO-WRSO- esBA', es
'49VOWWFO-B esA', es
'49VO-APPLW es-O', es
'49AV-WRFO' es, es
'49AV-WRFO- esBA', es
'49WWFO-BA' es, es
'49AVO-APPL esW-O', es
'49VO-WRFO- esC', es
'49VO-WRQO- esC', es
'49AV-WRFO- esC', es
'49AVWRQO-C', es
'4903-9215', freerun
'4903-9216', freerun
'4903-9217', freerun
'4903-9218', freerun
'4903-9219', freerun
'4903-9220', freerun
'4903-9221', freerun
'4903-9222', freerun
'4903-9223', freerun
'4903-9236', freerun
'4903-9237', freerun
'4903-9238', freerun
'4903-9239', freerun
'4903-9240', freerun
'4903-9241', freerun
'4903-9242', freerun
'4903-9142', freerun
'4903-9144', freerun
'4903-9146', freerun
'4903-9147', freerun
'4903-9167', freerun
'4903-9168', freerun
'4903-9169', freerun
'4903-9170', freerun
'4903-9171', freerun
'4903-9172', freerun
'4903-9173', freerun
'4903-9174', freerun
'4903-9175', freerun
'4903-9176', freerun
'4903-9177', freerun
'4903-9178', freerun
'4903-9160', freerun
'4903-9161', freerun
'4903-9162', freerun
'4903-9163', freerun
'4903-9164', freerun
'4903-9165', freerun
'4903-9166', freerun
'4903-9313', freerun
'4903-9315', freerun
'4903-9317', freerun
'4903-9319', freerun
'4903-9321', freerun
'4903-9323', freerun
'4904-9135', freerun
'4904-9136', freerun
'4904-9137', freerun
'4904-9138', freerun
'4904-9139', freerun
'4904-9140', freerun
'4904-9141', freerun
'4904-9142', freerun
'4904-9144', freerun
'4904-9145', freerun
'4904-9146', freerun
'4904-9162', freerun
'4904-9163', freerun
'4904-9164', freerun
'4904-9345', freerun
'4904-9346', freerun
'4904-9168', freerun
'4904-9169', freerun
'4904-9170', freerun
'4904-9171', freerun
'4904-9172', freerun
'4904-9173', freerun
'4901-9819', freerun
'4901-9818', freerun
'4903-9252', selectable
'4903-9253', selectable
'4903-9254', selectable
'4903-9255', selectable
'4903-9256', selectable
'4903-9257', selectable
'4903-9258', selectable
'4903-9148', selectable
'4903-9149', selectable
'4903-9150', selectable
'4903-9153', selectable
'4903-9193', selectable
'4903-9194', selectable
'4903-9195', selectable
'4903-9155', selectable
'4903-9156', selectable
'4903-9157', selectable
'4903-9158', selectable
'4904-9174', selectable
'4904-9175', selectable
'4904-9176', selectable
'4904-9177', selectable
'4904-9178', selectable
'4904-9179', selectable
'4904-9180', selectable
'4904-9181', selectable
'4904-9182', selectable
'4904-9183', selectable
'4904-9184', selectable
'4904-9185', selectable
'4903-9425', selectable
'4903-9426', selectable
'4903-9427', selectable
'4903-9431', selectable
'4903-9432', selectable
'4904-9356', selectable
'4904-9357', selectable
'4904-9358', selectable
'4903-9359', selectable
'4903-9360', selectable
'4903-9361', selectable
'4903-9196', selectable
'4903-9197', selectable
'4903-9198', selectable
'4901-9820', selectable
'4903-9356', selectable
'4903-9357', selectable
'4903-9358', selectable
'4903-9359', selectable
'4903-9360', selectable
'4903-9361', selectable
'4906-9101', smartsync
'4906-9102', smartsync
'4906-9103', smartsync
'4906-9104', smartsync
'4906-9127', smartsync
'4906-9128', smartsync
'4906-9129', smartsync
'4906-9130', smartsync
'4906-9107', smartsync
'4906-9108', smartsync
'4906-9151', smartsync
'4906-9153', smartsync
'4906-9154', smartsync
'4906-9105', smartsync
'4906-9106', smartsync
'4906-9131', smartsync
'4906-9132', smartsync
'4906-9113', smartsync
'4906-9143', smartsync
'4906-9109', smartsync
'4906-9111', smartsync
'4906-9110', smartsync
'4906-9112', smartsync
'4906-9139', smartsync
'4906-9141', smartsync
'4906-9140', smartsync
'4906-9142', smartsync
'4904-9331', smartsync
'4904-9332', smartsync
'4904-9333', smartsync
'4904-9342', smartsync
'4904-9343', smartsync
'4904-9344', smartsync
'4904-9345', smartsync
'4904-9346', smartsync
'4903-9417', smartsync
'4903-9418', smartsync
'4903-9419', smartsync
'4903-9428', smartsync
'4903-9429', smartsync
'4903-9430', smartsync
'4903-9196', smartsync
'4903-9197', smartsync
'4903-9198', smartsync
'4906-9133', smartsync
'4906-9134', smartsync
'4906-9135', smartsync
'4906-9136', smartsync
'4906-9137', smartsync
'4901-9858', smartsync
'4903-9301', syncable
'4903-9303', syncable
'4903-9305', syncable
'4903-9326', syncable
'4903-9327', syncable
'4903-9328', syncable
'4903-9329', syncable
'4903-9330', syncable
'4903-9331', syncable
'4903-9332', syncable
'4903-9333', syncable
'4903-9313', syncable
'4903-9315', syncable
'4903-9317', syncable
'4903-9319', syncable
'4903-9321', syncable
'4903-9323', syncable
'4904-9301', syncable
'4904-9302', syncable
'4904-9303', syncable
'4904-9305', syncable
'4904-9306', syncable
'4904-9307', syncable
'4904-9309', syncable
'4904-9310', syncable
'4904-9311', syncable
'4904-9325', syncable
'4904-9326', syncable
'4904-9327', syncable
'4904-9328', syncable
'4904-9329', syncable
'4903-9401', syncable
'4903-9402', syncable
'4903-9403', syncable
'4903-9404', syncable
'4903-9405', syncable
'4903-9406', syncable
'4903-9413', syncable
'4903-9414', syncable
'4903-9415', syncable
'4903-9422', syncable
'4903-9423', syncable
'4903-9424', syncable